DB600模块DFMEA计划,,,,,,,
基础描述,模块名称 + 功能描述、设计规格书、顾客需求、使用环境,,,,,,
建议提供,历史失效数据、类似模块DFMEA、关键元器件清单、可靠性目标,,,,,,
可选提供,CAD图纸、测试报告、安全/EMC合规要求,,,,,,
序号,模块,负责人,产品质量经理,计划完成时间,进展,备注,附件
1,FMEA及AI使用培训,何强,/,2026-02-10 00:00:00,已完成,,
2,离子束驱动模块,潘建海,余志君,2026-02-28 00:00:00,进度50%,待制定措施并且评审,DFMEA-离子束驱动-初版-260228.xlsx
3,ICE探测器,牛娜娜,余志君,2026-02-28 00:00:00,进度50%,待制定措施并且评审,SEI_DFMEA.xlsx
4,离子枪,陈禹滔、马万路,余志君,2026-02-28 00:00:00,进度50%,待制定措施并且评审,DB600 FIB DFMEA.xlsx
5,机械手,张茂辉,余志君,2026-03-31 00:00:00,未开始，工程师申请延期,,
6,FEI小快换,连振午,余志君,2026-04-01 00:00:00,未开始，工程师申请延期,,
7,电柜,束民涛,余志君,2026-03-04 00:00:00,进度50%,待制定措施并且评审,电柜DFMEA
