序号,部门,改善工具,改善名称,组长/负责人,类型,开始时间,结束时间,对接人,备注
1,传感装配MBU,SW+PSP+PFMEA,EPR200M SW+PSP+PFMEA改善,"组长：王明
副组长：张衡阳",改善周,2026-03-02 00:00:00,2026-03-06 00:00:00,于三平,
2,电镜事业部,PSP,2100&3200&SEM4000X、SEM5000Pro & SEM5000X   PSP改善,"组长：唐骐杰
副组长：章帅帅",改善周,2026-03-10 00:00:00,2026-03-13 00:00:00,靳丹,
3,BET装配MBU,SW+PSP+PFMEA,BET装配MBU静态法产品G5 PSP（SW&PFMEA）改善,王媛媛,改善周,2026-03-16 00:00:00,2026-03-20 00:00:00,靳丹,
4,电镜装配MBU,SW+PFMEA,SEM4000X、SEM5000Pro & SEM5000X SW+PFMEA改善,"组长：方学凯 
副组长：窦凯旋",改善周,2026-03-16 00:00:00,2026-03-20 00:00:00,于三平,
5,传感装配MBU,SW+PSP+PFMEA,EPR200P产品SW+PSP+PFMEA改善,"组长：尹新宇 
副组长：张衡阳",改善周,2026-03-23 00:00:00,2026-03-27 00:00:00,于三平,
6,BET装配MBU,SW+PSP+PFMEA,BET装配MBU静态法产品G12 PSP（SW&PFMEA）改善,李子唯,改善周,2026-03-23 00:00:00,2026-03-27 00:00:00,靳丹,
7,石油事业部,SW+PSP+PFMEA,小尺寸电阻率转产SW+PSP+PFMEA改善,刘森,改善周,2026-03-23 00:00:00,2026-03-27 00:00:00,靳丹,
8,电镜装配MBU,SW+PFMEA,2100 & 3200 SW+PFMEA改善,"组长：高华庆 
副组长：赵康华",改善周,2026-03-30 00:00:00,2026-04-02 00:00:00,于三平,
