序号,质量核心管理环节,策划和控制内容,AI赋能,实施情况
1,质量目标、需求的识别与确立,"1、基于客户期望和法律法规要求，设定具体的质量目标和设计规范。
2、产品策划早期确立。","1、利用AI挖掘市场趋势及历史投诉热点，精准定义产品质量红线与标准，避免“战略悬空”。
2、使用AI在后续的产品开发和量产环节检查目标的达成和差距分析",26年战略项目
2,研发设计质量预防,开展DFMEA（设计失效模式及影响分析），建立研发评审机制，将质量要求融入设计规范，涉及过程预防规避风险，提前策划控制方案。,"1、使用AI辅助开展DFMEA，系统的识别潜在风险，再结合专家评审，形成风险识别到控制措施落地。
2、通过算法模型识别设计方案中的潜在质量风险点，并利用AI知识库辅助设计优化。",26年战略项目
3,设计测试验证,"1、系统策划测试验证用例和方案，验证设计符合性和可靠性。
2、在产品开发的样机、小批和工艺性各阶段分别验证目标是否达成。","1、AI辅助测试方案的输出和评审。
2、AI辅助测试问题的分析和改进措施建议。
3、自动化测试脚本，提高效率。",26年战略项目
4,供应商转入、分级、评价和辅导改进,"建立准入审核、业绩评估体系，对原材料实施分级管控，确保供应链韧性。
对核心供应商进行辅导改善，提高绩效","1、自动收集并分析供应商交期、合格率等数据，实现供应商质量风险的实时预警与动态调配。
2、AI对供应商改善辅导赋能。",结合SRM系统导入后逐步推进
5,物料质量控制策划和控制,"1、根据设计需求和输入，对物料质量控制标准和方案策划。
2、根据标准策划进行来料和生产过程控制","1、根据需求和物料特性，辅助SQE进行质量策划和标准输出。
2、AI辅助检验控制：视觉检测、数据整理可追溯、高风险预警和提示等。",辅助物料检验标准
6,生产制造过程质量控制,"1、作业标准规范。
2、生产过程质量检验和巡查
3、生产过程（5M1E）变更策划与控制","1、AI对标准化过程分析和评审。
2、生产过程控制方案和标准输出与评审
3、变更需求收集、分发和变更执行控制。",暂未启动
7,产品变更管理（ECN）,从变更需求→方案→评审→验证→变更发布→变更执行控制→闭环管理,AI赋能各环节，识别风险、可追溯系统建立,暂未启动
8,产成品入库与验收,最终对交付的产成品进行确认验收，确保符合合同、标准和法律法规需求,AI辅助对客户特殊需求识别和评审，并对验收标准持续优化升级，历史案例库的收集整理。,暂未启动
9,安装交付和交付后维修与保养,"1、规范安装过程，标准化作业。
2、维修标准化、快速高效、一次成功
3、定期维护保养，提高使用寿命","1、AI赋能标准化、故障诊断、案例库、作业培训和维保计划与执行管理。
2、利用自然语言处理（NLP）技术自动分析客户评价和投诉，识别共性问题，驱动产品持续优化。",暂未启动
10,不合格分析与改进,对全生命周期和全流程环节的不合格进行收集、分配、分析和改进闭环管理,"AI赋能全环节，提供效率，协助原因分析并给出改善建议，过程跟踪和协同闭环管理
 AI基于全量质量数据生成分析报告，辅助管理层进行科学决策，推动企业追求卓越绩效。",辅助5WHY分析和问题跟踪
