零件名称,ID,功能要求,潜在失效模式,潜在失效后果 (客户/后工序),严重度 (S),潜在失效起因/机理,发生频次 (O),现行设计控制 (预防/探测),可探测度 (D),RPN,建议改进措施 (控制/预防),措施后 S,措施后 O,措施后 D,措施后 RPN,责任人,计划完成时间
压缩机排气管,1,磁场兼容性 (无磁干扰),磁化率超标 (产生磁干扰),客户: 匀场困难，谱线分裂，无法采集数据 。后工序: 装配测试时发现磁场畸变，需拆解重做。,9,1. 材质不纯 (含铁镍杂质),1,1. 规定材料牌号 (SUS304),2,18,,,,,,,
,2,换热效率 (高效冷却),热交换性能低 (短路或死区),客户: 样品温度降不下去，温控不稳定 。后工序: 系统调试时PID参数难以整定。,5,1. 安装后螺旋槽与外壁间隙过大，空气未安装预定通道流通，换热面积不足，换热不充分,3,通过公差设计保证间隙在0.03mm以内,2,30,,,,,,,
,3,冷媒传输 (无泄漏),泄漏 (焊缝开裂),客户: 压缩机不制冷,8,1. 铜管与毛细管壁厚差异大，焊接熔深难控制。2. 振动导致热影响区疲劳断裂。3. 异种金属焊接缺陷。,5,"1.设计采用插接台阶结构，保证焊接两端的壁厚一致
2.毛细管采用螺旋结构，释放应力
3. 压力测试。",3,120,增加管路的设计应力应变验证测试,8,2,2,32,张衡阳,2026-05-30 00:00:00
,4,冷媒传输 (无堵塞),冰堵或脏堵,客户: 制冷失效，压缩机过热保护 。+1后工序: 抽真空时间极长，无法达到背景真空度。,8,"1. 焊接过程产生的氧化皮落入管内。2. 干燥过滤器选型过小。
3.真空未抽到指定的真空度
4.内部结构件脏污",5,1. 充氮保护焊。,6,240,"1. 设计/工艺: 严格定义充氮保护焊接流程参数 。
2.明确真空度指标要求
3..图纸明确清洁度要求，来料检验时对清洁度进行重点检验，焊接前内部增加清洗焊接
4.对过滤器型号进行优化选型",8,2,4,64,李坤,2026-04-30 00:00:00
,5,振动控制 (低振动传递),振动过大 (气流啸叫),客户: NMR谱图出现边带 (Sidebands)，信噪比差 。后工序: 探头与制冷机耦合困难。,7,"1.冷媒流动转弯处引起冲击振动
2.排气管传递压缩机振动。
3. 冷媒两相流脉动 (液击)。",6,"1. 样机测试。
2.压缩机前端增加一个气液分离器",7,294,"1. 设计优化: 优化冷媒传输通道的转弯半径 。
2. 流体设计: 优化毛细管长度和管径。 
3. 仿真: 进行模态分析，避开压缩机频率。
4.蒸发器到探头接口增加隔振",7,3,4,84,李坤,2026-04-30 00:00:00
,6,绝热性能 (防止热漏),冷量耗散 / 结露,客户: 制冷效率低，探头外部结霜,6,1. 蒸发器与外部支架之间缺乏有效热断桥。,5,"1. 在蒸发器与外部之间填充保温棉。
2.对蒸发器末端连接结构进行下沉设计，减小接触面积",5,150,"1.增加隔热环，材料采用低热导率材料 (如 G10 或 PEEK) 。
2.优化蒸发器尺寸，增加空气气隙，在蒸发器外侧包裹麦拉膜",6,2,3,36,李坤,2026-04-30 00:00:00
气液分离器,1,气液分离匹配：选型需匹配系统工况,分离失效 (液击),对客户： 压缩机阀片断裂。,8,选型失误,3,1.建立选型规范： 强制要求按“系统最大充注量 x 70%”作为最小容积标准，而非按匹数估算。,5,120,规范冷媒的充注工艺，确保充注量不会导致带液,8,1,3,24,李坤,2026-04-30 00:00:00
,,,标准品容积或流速不匹配导致带液。,对后工序： 测试噪音大。,,仅按接口尺寸选型，未校核标准品的“有效容积”是否覆盖本系统的最大充注量（特别是在低温制热除霜工况）。,,,,,,,,,,,
,,,,,,,,,,,,,,,,,
,2,结构强度：耐压与密封。,本体泄漏 (供应商焊缝),对客户： 冷媒泄漏。,8,供应商工艺波动,1,"1、选用具有UL/CE认证的一线品牌。
2、供应商使用隔断包装，保护铜管接口不被挤压。
3、供应商出厂前100%检漏。",2,16,,,,,,,
,,,铜接口与钢壳体连接处泄漏。,对后工序： 气密测试失败。,,标准品的“铜-钢”转接焊缝质量不稳定；或在运输过程中铜管受撞击导致根部裂纹。,,,,,,,,,,,
,,,,,,,,,,,,,,,,,
,3,连接接口：与系统管路连接,装配焊接泄漏,对客户： 慢性泄漏。,7,管径配合公差大：,2,根据标准品实测尺寸，定制配管的扩口/缩口模具，确保“插接”间隙在0.05-0.15mm最佳钎焊范围。,2,28,,,,,,,
,,,在线生产时焊接不良。,对后工序： 补焊返工。,,标准品的铜接口公差范围（如+/-0.1mm）与自制配管公差叠加，导致间隙过大，焊料无法填缝。,,"配管设计限位台阶，防止插入过深顶到分离器内部结构。
4、焊接后使用氮气检漏。",,,,,,,,,
,4,抗振性能：防止疲劳断裂。,铜接口根部断裂,对客户： 突然断裂泄漏。,8,安装方式错误：,1,"探测： 振动试验。
1. 固定： 设计底座，将罐体刚性固定在底盘上，防止悬空安装。",3,24,,,,,,,
,,,运行振动导致铜管根部应力集中。,对后工序： 振动试验失败。,,标准品通常较重，若无独立固定支架，仅靠两根自带的铜管“悬空”支撑，铜管根部（特别是经过供应商二次焊接热影响区）变软，极易断裂。,,,,,,,,,,,
压缩机,1,压缩机运行 (CAJZ2432PBR),排气温度过高 (>120°C),"1. 润滑油碳化导致压缩机卡死
2. 制冷量急剧衰减
3. 实验样品温度失控",8,"1. R454C 高绝热指数特性
2. 单级压缩压比过大
3. 回气冷却不足",2,"1. 系统热平衡计算
2. 样机型式试验",2,32,,,,,,,
,2,减震系统,振动过大 (传递至NMR探头),"1. NMR图谱产生边带/噪声 (核心失效)
2. 铜管疲劳断裂
3. 客户投诉",9,"1. 实施双级悬浮减震设计
2.在排气管与探头连接处增加隔振设计，减少压缩机振动对探头的影响",5,手感振动,7,315,"1、进行模态分析，避开50/60Hz共振点
2、通过整机测试确定振动指标，调试时增加振动仪测试项",9,2,3,54,李坤,2026-06-30 00:00:00
,3,电气系统,电磁干扰 (EMI),"1. NMR信号信噪比降低
2. 干扰其他精密仪器",8,"1. 压缩机无变频器/滤波器
2. 接地不良",5,1. EMC 测试,3,120,通过实验确认压缩机的安全安装距离,8,2,2,32,李坤,2026-06-30 00:00:00
制冷系统,1,防尘滤网,滤网严重堵塞且无法清洗,制冷失效,8,"1. 滤网设计在面板背面(不可拆卸)
2. 防尘棉密度过大导致风阻过高
3. 缺乏堵塞报警",6,1.改为抽拉式滤网设计,8,384,"1. 增加保养提示标签
2.用户手册增加保养要求
3.优化防尘棉密度",8,2,2,32,李坤,2026-06-30 00:00:00
,2,散热风道,压缩机过热保护),设备频繁停机；压缩机寿命缩短,7,"1. 压缩机位于热风区(冷凝器出风口)
2. 缺乏独立的压缩机进风道",6,1. 环境温度40℃,3,126,与供应商沟通确定压缩机的运行温度上限，增加过热保护功能，,7,2,3,42,李坤,2026-06-30 00:00:00
,3,冷凝器安装,风切噪音大,噪音超标，干扰NMR实验室环境,5,"1. 面板进风槽开孔率不足(<60%)
2. 风扇距离面板过近(<10mm)产生风切声",7,1. 噪音测试,2,70,根据噪音测试结果确定是否需要对风槽开孔率进行优化,5,2,2,20,李坤,2026-05-30 00:00:00
,4,风扇电气,线缆被扇叶割断,风扇短路/停转；电气安全隐患,8,"1. 缺乏专用理线槽
2. 依靠卡扣固定，线缆由于振动松脱",2,"1. 风扇增加保护罩
2.规范线缆走向，避开风扇",2,32,,,,,,,
控制系统,1,0档停机逻辑,液击风险 (Liquid Hammer),系统损坏： 0档同时断电，未做“抽空”处理。停机期间冷媒迁移至压缩机，下次启动瞬间打碎阀片。,7,设计逻辑缺陷：直接切断继电器，未执行 Pump-down 程序。,6,有气液分离器，无液击风险,8,336,,,,,,李坤,2026-02-12 00:00:00
,2,启动时序 (0档-12档),带液启动 (Liquid Floodback),系统：逻辑设定“1028阀先开，5S后开压缩机”。停机期间高压侧液体灌入低压侧，压缩机启动瞬间负荷极大，且有液击风险。,8,1. 启动逻辑顺序不当（先供液后启动）。2. 5S延时导致液体积聚。,5,有气液分离器，无液击风险,7,280,,,,,,李坤,2026-02-12 00:00:00
,3,外气路切换 (VX3244),流路堵死  换热器冻结,系统：切换瞬间若VX3244卡死或两端截止，外气流中断。压缩机仍全速制冷(-40℃)，导致换热器瞬间结冰堵死甚至冻裂。,6,1. 气路阀切换存在“死区(Dead zone)”。2. 阀体机械故障。,4,探测：排气温度异常(过低)。,5,120,1. 增加“防冻结保护”：若检测到外气路流量中断，强制停机。,6,1,2,12,盛飞洋,2026-03-30 00:00:00
,4,冷媒阀控制 (10282A6),未正常启动或未完全启动,压缩机制冷效果达不到预期，影响变温性能,6,1. 阀体内杂质卡住阀芯。2. 阀芯弹簧疲劳。3继电器损坏,5,出气口温度监测,3,90,增加出气口温度长期未达到指标后进行报警,6,2,1,12,盛飞洋,2026-03-30 00:00:00
,5,通信上位机 (422),远程指令丢失  死机,功能：上位机死机或通讯线断开，板卡保持在“最后一次功率”持续死跑。若工况变化可能导致设备损坏。,6,1. 422通讯受强电干扰(EMC)。2. 协议无心跳超时机制。,5,探测：通讯心跳包检测、接口增加磁隔离。,4,120,1. 增加“通讯超时保护”：若30秒无心跳指令，自动切回0档(执行Pump Down)或安全模式。2. 。,6,1,2,12,盛飞洋,2026-03-30 00:00:00
,6,高压保护 (传感器),读数卡死 (传感器失效),安全：传感器损坏输出固定电压（如2.5V），实际压力已超标。压缩机未停机，导致安全阀起跳或爆炸。,10,1. 传感器ADC电路受干扰。2. 传感器内部断路短路。,1,串联机械式高压开关直接切断接触器线圈。,1,10,,10,1,1,10,,
,7,继电器输出 (220V),触点粘连 (Stuck ON),安全：切到0档或报警时，继电器触点熔焊粘连，压缩机无法停机。,9,1. 感性负载反向电动势拉弧。2. 继电器选型余量不足。,7,探测：继电器失效，一致处于短路,1,63,额外增加交流接触器,9,2,1,18,盛飞洋,2026-03-30 00:00:00
,8,板卡供电 (24V),电压跌落 (Brownout),系统：VX3244和1028同时动作拉低24V电压，导致MCU复位或继电器吸合不紧打火。,7,1. 电源功率余量不足。2. 线圈浪涌电流叠加。,1,"探测：电压监测。
1. 电源功率按峰值负载1.5倍配置。2. MCU增加“分时启动”逻辑：避免多个大功率继电器在同一毫秒内动作。",1,7,,,,,,,
氮气供应系统,1,主体组件-真空腔体,真空丧失 (漏气),后工序：装配测试时发现外壁结霜/出汗。,8,1. 焊缝存在微裂纹或气孔。,2,1. 氦质谱检漏仪检漏。,2,32,,,,,,,
,,,,客户：制冷效率急剧下降，液氮消耗量激增，样品无法降温。,,2. O圈密封处密封面粗糙度不足或O圈低温脆化。,,2. 选用氟橡胶O圈。,,,,,,,,,
,,,,,,,,2. 关键密封位采用双O圈+抽空槽设计。,,,,,,,,,
,2,排气管组件-波纹管,波纹管疲劳破裂/穿孔,后工序：调试时发现漏气。,9,1. 波纹管壁厚不均。,2,1. 内管选用316L材质。,3,108,来料增加氦质谱抽真空漏率检测,9,2,3,54,李坤,2026-06-30 00:00:00
,,,,客户：低温氮气泄漏到实验室环境（窒息风险），系统彻底失效。,,2. 安装或运输过程中弯折过度。,,,,,,,,,,,
,,,,,,3. 冷热交替导致金属疲劳。,,,,,,,,,,,
,3,内部连接-紫铜管与特氟龙件,连接处冷缩泄漏,后工序：常温检漏通过，但低温测试时内部串气。,7,特氟龙(PTFE)收缩率远大于铜，低温下配合间隙变大导致密封失效。,6,"接触面锥形设计，冷气无法直接接触特氟龙件
增加O圈密封",8,336,,7,2,4,56,,
,,,,客户：换热模式下，氮气未完全流经盘管即短路排出，制冷温度达不到极低温。,,,,,,,1. 更改设计：在连接处增加特制碟形弹簧(Belleville Washer)补偿冷缩。（考虑是否有必要）,,,,,李坤,2026-04-30 00:00:00
,4,换热盘管 (紫铜),盘管内部冰堵,客户：气流受阻，压力升高，无法制冷。,7,进气口输入的氮气纯度不够，含有水汽，在低温下结冰堵塞管路。,,盘管管径设计足够余量，避免过细导致易堵。,8,280,,7,2,5,70,,
,,,,,,,,,,,自然放置时，输入与输出口增加与空气的隔离装置,,,,,李坤,2026-04-30 00:00:00
,,,,,,,,,,,要求输入高纯氮气（说明书）。,,,,,李坤,2026-04-30 00:00:00
,5,加热棒,加热棒干烧/过热,客户：加热棒烧断，无法使用蒸发模式；严重时引发火灾或破坏液氮罐内部结构。,9,液氮耗尽后，传感器未及时反馈或控制系统失灵，加热棒持续工作。,1,依靠PT100监测液位。,2,18,,,,,,,
,,,,,,,,,,,,,,,,,
,6,自制球阀 (特氟龙+球体),阀门无法关闭/卡死,客户：无法切换模式，或关闭不严导致漏气。,6,1. 特氟龙在低温下变硬变形。,5,简单的尺寸公差控制。,5,150,2. 进行低温启闭寿命测试（>500次）。,6,2,3,36,李坤,2026-04-30 00:00:00
,,,,,,2. 机械结构公差设计不合理，热胀冷缩导致抱死。,,,,,用户手册增加球阀的操作规范,,,,,李坤,2026-04-30 00:00:00
,7,电气航插,密封失效/短路,后工序：抽真空失败。,7,主体真空泄露导致低温传输，航插焊接处有冷凝水,3,选用气密性航插。,2,42,焊接完之后使用703硅胶进行密封,7,1,2,14,李坤,2026-04-30 00:00:00
,,,,客户：真空度丧失，或传感器信号干扰。,,,,,,,,,,,,李坤,2026-04-30 00:00:00
,8,排气管-绝热层 (麦拉膜),热短路 (接触外壁),后工序：外管结霜。,5,"隔热环(G10)间距过大，麦拉膜松散接触到外管壁。
隔热环移位导致内外壁接触",4,G10隔热环支撑。,5,100,1.优化G10环厚度，防止倾倒,5,2,3,30,李坤,2026-04-30 00:00:00
,,,,客户：排气温度过高，冷损大。,,,,,,,2. 增加麦拉膜缠绕张力控制标准。,,,,,李坤,2026-04-30 00:00:00
