子系统/模块,功能要求,潜在失效模式,潜在失效后果（对客户/后工序）,S,潜在失效原因,O,现行控制方法,D,RPN,建议措施,改进 S,改进 O,改进 D,改进 RPN
T/R 开关电路,发射时隔离高功率(300W+)，保护LNA；接收时快速导通。,PIN二极管热击穿或响应滞后,"客户：前放烧毁，系统瘫痪。
后工序：高功测试时模块报废。",10,散热设计不足；RGP信号边沿抖动或时序竞争。,3,"交叉PIN管短路引导地；限幅电路。
选用更高功率余量的PIN管",4,120,,10,1,2,20
低噪声放大 (LNA),提供$\ge$30dB增益，NF$\le$1.2-1.8dB。,增益波动或自激振荡,客户：谱图信噪比差，基线不平，出现伪影峰。,8,工作环境温升导致偏置电流漂移；屏蔽腔隔离度不足。,4,屏蔽腔设计；金属外壳隔离。链路中对增益进行均衡化设计,3,96,增加板载温度补偿电路；优化腔体电磁屏蔽分区。,8,2,2,32
高功率保护,功率超阈值时关闭射频输入并告警。,功率检测耦合器失效或响应过慢,客户：功放持续输出异常功率，损坏探头和前放。,9,耦合路径阻抗失配；检波器动态范围受限。,3,耦合功率监测；手动解除告警。,5,135,引入硬件联动跳闸：告警信号不经过上位机，直接硬件拉低功率门控。,9,1,2,18
物理接口 (N-K/BNC),射频信号稳定传输，低插入损耗。,接口在大功率下产生电弧或击穿,"后工序：生产联调时接口发热烧熔。
客户：反射功率增加，毁坏功放。",9,同轴线缆中心针位移；接头紧固力矩不一。,4,手动紧固；柔性电缆连接。,6,216,定期对接口进行电磁回波损耗（Return Loss）测试；使用力矩扳手规定装配标准。,9,2,2,36
工作模式逻辑,保护模式切换（UNWORK vs OBSERVE）。,逻辑死锁导致模式切换失败,客户：实验开始后无信号，或发射脉冲损坏接收链路。,8,CPU受强电磁脉冲干扰死机；程序逻辑分支未覆盖异常态。,3,默认UNWORK模式。,5,120,增加物理Watchdog复位电路；关键逻辑采用FPGA硬件状态机。,8,1,2,16
电源控制接口 (DB-37),提供稳定供电及控制信号。,多芯线束线间干扰（Crosstalk）,客户：控制信号被电源纹波干扰，导致T/R开关误动作。,7,控制信号与大电流电源线未分层屏蔽。,4,软件滤波处理。,5,140,线束采用屏蔽电缆；DB-37接口端增加滤波电容阵列。,7,2,3,42
