子系统/功能模块,功能要求,潜在失效模式,潜在失效后果（客户/后工序）,S,潜在失效原因（机理）,O,现行控制措施,D,初始 RPN,建议的控制措施 (改进方案),改进后 S,改进后 O,改进后 D,改进后 RPN
异常状态保护 (核心逻辑),功率/脉宽/驻波超限时，极速切断射频输出，保护功放与探头。,保护动作严重滞后（器件已烧毁才触发）,客户：由于5s的检测周期远大于100ms的脉宽，反射功率瞬间击穿末级功率管或毁坏探头。,10,依赖软件轮询进行异常检测，5s的周期对于微秒级的射频脉冲而言太慢。,6,软件轮询检测（周期5s）+ 蜂鸣器告警。,8,480,引入纯硬件级联锁保护（Hard Interlock）：采用高速比较器直接切断射频输入开关或偏置电压，响应时间控制在微秒（$\mu$s）级。5s周期仅用于UI刷新和软件复位逻辑。,10,1,2,20
双通道射频放大,在指定频段提供51±1 dB稳定增益，输出140W/300W线性功率。,大动态脉冲下增益压缩或相位失真,客户：射频脉冲翻转角不准，NMR信号强度异常，甚至无法激发出信号。,8,大功率输出时晶体管结温急剧上升，导致跨导变化，引发热记忆效应。,5,出厂静态标定51dB。,5,200,增加包络反馈或动态偏置控制；使用包络跟踪（Envelope Tracking）技术补偿大功率下的增益压缩。,8,2,3,48
通道切换 (BB与2H复用),BB通道与2H通道共享功率放大器，通过开关切换。,带载热切换（Hot Switching）导致开关拉弧击穿,"后工序：联调时切换通道烧毁继电器。
客户：射频泄漏，观察核信号被锁场信号污染。",7,软件时序存在竞争，在还有射频输出时执行了继电器/同轴开关的物理切换动作。,4,无明确的防误切机制。,5,140,强制冷切换逻辑：软件下发切换指令前，硬件强制拉低BLNK信号屏蔽射频输入，延时几十毫秒后再进行开关切换。,7,1,2,14
VSWR 失配检测,精确检测正反向功率，反射>50%或驻波>6关断。,宽频段内（5-400MHz）反射功率测量严重失准,客户：假报警导致实验频频中断（过保护），或驻波已极大但不报警（漏保护）。,9,宽带定向耦合器的方向性（Directivity）在低频和高频端衰减严重，无法区分正反向。,5,驻波比阈值检测。,6,270,已采用分段耦合器或在DSP端对不同频点的耦合度进行频率补偿（Look-up Table）；过滤瞬时尖峰防误报。,9,2,2,36
热管理系统,保障长脉宽下的有效散热，>85℃时保护关断。,局部热斑失控，温度传感器未及时感知,"后工序：老化测试报废率高。
客户：夏天环境温度高时频繁过热死机。",7,传感器贴装位置距离发热核心（功率管法兰）过远；风扇故障。,4,整体温度监测。,5,140,热敏电阻需贴紧功率管法兰；已增加风扇转速（RPM）实时监测，转速掉线直接预警。,7,2,2,28
故障复位逻辑,保护触发后，待手动复位重新工作。,死板的手动复位导致自动化实验完全瘫痪,客户：仅因为极其短暂的脉冲毛刺触发了驻波保护，导致长达几天的实验报废。,6,"一刀切的软件锁定逻辑。
功放链路中对输入脉冲进行平稳、去毛刺处理",6,手动复位。,3,108,引入智能重试机制（Auto-Recovery）：对于轻微且时间极短的故障（如瞬态VSWR尖峰），允许系统在降功率后自动重试3次，失败后再彻底锁死求助人工。,6,2,1,12
