编号,子系统/部件,功能描述,潜在失效模式,失效的潜在后果 (对客户/后工序),S,潜在失效原因,现行设计控制 (预防/探测),O,D,RPN,建议的控制措施/优化方案,新S,新O,新D,新RPN
1,电气-电源系统,智能PDU分配220V电源，实现顺序上下电,PDU未按设定顺序上电或浪涌过大,"对客户: 功放模块过载保护或损坏，系统无法启动。
对后工序: 整机联调时频繁触发跳闸，影响测试进度。",8,"1. PDU内部继电器粘连或逻辑错误。
2. 功放模块启动瞬态电流超出PDU单路阈值。","预防: 选用品牌PDU。
探测: 样机初步上电测试。",4,5,160,"1. 明确各模块最大启动浪涌电流，评估PDU余量；
2. 增加PDU各路电流监测及过载独立保护功能；
3. 验证测试中增加极限频繁上下电测试。",8,2,3,48
2,电气-接地与屏蔽,柜壳及各模块星型连接至接地排，柜门导电胶条,接地电阻过大或屏蔽失效,"对客户: 系统受外界电磁干扰导致通讯丢包，或内部高频信号干扰周边设备。
对后工序: EMC安规测试不合格，需返工刮漆。",7,"1. 304不锈钢表面钝化层导电性差，直接连接接触电阻大。
2. 导电胶条压缩量不足或长期使用后老化。","预防: 图纸要求星型接法。
探测: 无专门针对304表面处理的说明。",6,6,252,"1. 在图纸上明确接地点需焊接专用接地螺柱或进行局部除钝化/镀锡处理；
2. 检查柜门铰链处是否增加跨接接地编织带；
3. 后工序增加接地导通电阻测试工序(≤0.1Ω)。",7,2,2,28
3,结构-机柜主体,"提供内部设备支撑及移动定位 (福马轮, L型梁)",L型横梁下垂变形或机柜整机倾覆,"对客户: 移动时重心不稳导致侧翻(安全隐患)。
对后工序: 抽拉安装功放或控制机箱时卡顿，安装孔位错位，装配极其困难。",9,"1. 内部功放机箱等过重，L型横梁厚度或材质刚性不足。
2. 轮子承重未考虑动态冲击裕量(如过门槛)。","预防: 采用304不锈钢焊接。
探测: 3D模型静态干涉检查。",5,5,225,"1. 使用CAE进行满载状态下的静力学及模态分析，必要时在L型梁增加加强筋；
2. 评估重心位置(下重上轻原则)，福马轮选型需满足至少额定重量的1.5倍以上安全系数。",9,2,2,36
4,结构-前门与进风,保护内部组件，通过两层钢网及过滤棉进风,过滤棉堵塞导致进风量骤减,"对客户: 内部散热恶化，设备频繁报高温报警甚至死机。
对后工序: 无直接影响，影响后期维保。",7,"1. 工业现场环境恶劣，灰尘大。
2. 两层钢网加过滤棉风阻过大，选型不当。","预防: 设计了可拆卸过滤结构。
探测: 依赖客户肉眼观察。",7,6,294,"1. 对风阻进行流体仿真(CFD)，优化钢网开孔率和滤棉PPI值；
2. 建议增加“柜内负压监测”或“温升梯度报警”，通过软件提示客户更换滤网；
3. 确保过滤棉可免工具快速抽换。",7,3,3,63
5,结构-后下门机制,承载电气接口，钢丝绳+铰链悬停，方便检修,铰链断裂或钢丝绳脱落导致门板坠落,"对客户: 维修人员砸伤(严重安全事故)；门板上的线缆接口扯断。
对后工序: 车间装配及走线测试时操作危险。",9,"1. 后下门集成大量接口，自重+线缆重量超过铰链/钢丝绳承载极限。
2. 压接头松动或疲劳断裂。","预防: 采用定制铰链。
探测: 试产装配验证。",4,5,180,"1. 结构设计时引入机械硬限位(如折叠支撑杆)替代纯钢丝绳悬停；
2. 对铰链和钢丝绳节点进行疲劳寿命测试；
3. 明确线缆应力释放(Strain Relief)设计，线缆重量不应直接作用在门板接口上。",9,1,3,27
6,结构-后上门机制,槽孔配合卡在下门上，背部挂载气动减压阀等,后上门松动脱落或共振异常,"对客户: 气动元件振动导致门板异响；门板脱落砸伤或导致气管折断脱落造成漏气。
对后工序: 气路装配困难，搬运中容易松脱。",8,"1. 仅靠槽孔配合，无锁紧机构，搬运或气动元件冲击导致移位。
2. 减压阀/分离器重心靠外，产生翻转力矩。","预防: 重力插槽配合设计。
探测: 无防脱落设计。",5,4,160,"1. 强烈建议后上门增加快拆螺丝或按压式锁扣(Latch)与柜体锁紧，不能仅依靠下门支撑；

2. 气动元件背板增加减震垫(橡胶隔振器)以消除气流引起的共振。",8,1,2,16
7,热设计-功放风道,前进风后出风，尾部防扰流风道,排风不畅或热风回流,"对客户: 功放模块高温降频或烧毁。
对后工序: 满载烤机测试不通过。",8,"1. 定制风道与后上门散热孔对齐不良。
2. 后门外侧存在障碍物导致排风背压过高。","预防: 增加了防扰流定制风道。
探测: 样机满载温升测试。",3,4,96,"1. 在风道与后门接合处增加柔性海绵或硅胶圈，防止机柜内部漏风造成“热短路”；
2. CFD热仿真确认风量分配。",8,2,2,32
8,热设计-控制机箱,上进风、下出风，由前向后、由上而下排风,严重热堆积（热短路或违背自然对流）,"对客户: 控制系统过热，主板元器件加速老化，系统宕机。
对后工序: 高温拷机时控制柜频繁报警。",8,"1. “上进下出”严重违背热空气上升的物理规律，若机箱内部抽风机静压不足，热风会滞留。
2. 底部出风后如果向后排气不畅，极易被吸回顶部进风口(热短路)。","预防: 设计了水平导风道和带孔面板。
探测: 无系统级热仿真。",7,6,336,"1. (高优建议) 重新评估风道逻辑，尽量改为“下进上出”或“前进后出”直排；
2. 若必须“上进下出”，需确保底部风道具有完全物理隔离的密闭排风通道直接引至柜外；
3. 必须在开模前进行整机CFD热流体仿真分析，重点观察上下腔体是否存在涡流；
4. 增设机箱进排风口温差监控。",8,2,3,48
